ablaze,"a.  着火的,闪亮的,激昂的ad.  着火,闪耀"
afflict,"vt.  使痛苦,折磨"
appoint,"vt.  任命,指定,命令"
avaricious,"a.  贪财的,贪婪的"
blunder,"n.  大错,大失策vi.  失策,绊倒,犯错vt.  做错"
champion,"n.  冠军,拥护者,战士vt.  保卫,拥护a.  优胜的"
compare,"vt.  比较,比喻,匹敌vi.  相比n.  比较"
constrain,"vt.  强迫,勉强,驱使"
cultivate,"vt.  培养,耕作"
density,n.  密度
disburse,"vt.  支付,支出,分配"
dye,"n.  颜料,染料vt.  染,染色vi.  着色"
entitle,"vt.  取名为,给予名称,叫做"
expedite,"vt.  加快,促进,派出a.  畅通的,无阻碍的,迅速的,方便的"
flee,"vt.  逃避,逃跑,逃走vi.  逃,消失"
gauche,"a.  笨拙的,粗鲁的,无礼的"
hatch,"n.  孵化,舱口vt.  孵,孵出,策划vi.  孵化"
immerse,"vt.  沉浸,使陷入"
inferior,"a.  次等的,较低的,下方的,下级的n.  低下的人,次品,下附文字"
irresistible,"a.  不可抵抗的,不能压制的"
luster,"n.  光彩,荣誉,光泽vi.  有光泽,发亮vt.  使发光辉"
moron,"n.  低能者,笨人"
originate,"vt.  开始,发明,发起vi.  发源,发生v.  发自"
pleasure,"n.  快乐,愉快,希望vt. vi.  (使)高兴"
protract,"vt.  延长,托长,伸出,绘制"
register,"n.  寄存器,记录,注册,登记,登记簿vt.  记录,登记,注册,提示,套准,把. . . 挂号vi.  登记,注册,挂号"
rust,"n.  锈,生锈,衰退vi.  生锈,衰退vt.  使生锈,腐蚀"
sigh,"n.  叹息vi.  叹息,渴望vt.  叹息着说"
stab,"n.  刺,戳,努力,尝试,剧痛vt. 刺,戳,刺入,使伤心,使贯穿,刺痛vi.  刺,刺伤"
swarm,"n.  群,大群,蜂群vi.  群集,聚集一块,云集,爬树vt.  挤满,爬(树)"
transcend,"vt.  超越,胜过"
versatile,"a.  多才多艺的,万用的,万向的"
admission,n.  准许进入; 入场费; 承认
bison,n.  美洲或欧洲的野牛
chimpanzee,n.  黑猩猩
continuity,n.  连贯性，连续性
destruction,n.  毁坏，毁灭
essay,n.  散文，短文，评论
gallop,v.  (马)飞奔; 疾驰
hormone,n.  激素; 荷尔蒙
interpret,v.  解释; 理解; 表现
lounge,n.  等候室，休息室
mint,v.  铸造(硬币); n.  造币厂
outline,n.  轮廓; 概要; v.  描绘; 略述
pollinate,v.  给…传授花粉
radar,n.  雷达
roll,v.  (使)滚动，转动; n.  (一)卷，卷形物
slice,vt.  切(片); n.  薄片; 片断
stress,n.  压力; 强调; v.  强调
transit,n.  运输(线); 转变
X-ray,n.  X射线，X光
