administration,"n.  行政,管理,中央政府"
annoy,"vt.  使苦恼,骚扰"
attendant,"n.  随从,跟班,出席者a.  伴随的,出席的,注意的,在场的"
betray,"vt.  出卖,背叛,辜负,暴露"
catastrophe,"n.  大灾难,大祸"
coin,"n.  硬币,金钱,货币vt.  铸造,创造,杜撰"
connive,"vi.  假装不见,默许,共谋,纵容"
credential,"n.  国书,凭据,印信"
defunct,"a.  死的,非现存的n.  死者"
dignified,"a.  有威严的,有品格的"
doubt,"n.  怀疑,疑惑vt. vi.  怀疑,不信"
energize,"vt.  使活跃,给予精力"
excitement,"n.  刺激,兴奋"
fickle,"a.  变幻无常的,浮燥的,薄情的"
furious,"a.  狂怒的,激烈的,吵闹的"
guileless,"a.  不狡猾的,诚实的"
idiotic,"a.  白痴的,愚蠢的,呆头呆脑的"
indent,"n.  契约,订货单,凹痕vi.  切割成锯齿状vt.  缩排,定货,印凹痕n.  缩进"
intimidate,"vt.  威胁,恐吓,胁迫"
limp,"n.  跛行a.  柔软的,无力的,软弱的vi.  跛行"
miserable,"a.  悲惨的,穷困的,不幸的"
offer,"n.  出价,提议,意图,报价vt.  提供,出价,奉献,演出,使出现,企图vi.  出现,献祭,提议"
petition,"n.  请愿,诉状,陈情书vt. vi.  请求,恳求,请愿"
proliferate,"vi.  增殖,激增,扩散vt.  使激增"
recognize,"vt.  认出,认可,赏识,公认vi.  具结"
riddle,"n.  谜,谜语,粗筛vt.  解谜,给. . . 出谜,筛,检查,充满于,非难,鉴定vi.  出谜"
shabby,"a.  衣衫褴褛的,不体面的,卑鄙的,吝啬的,破旧的"
spine,"n.  背骨,脊柱,尖刺"
sum,"n.  总数,和,金额,顶点,概略vt.  总计,概括vi.  合计"
tip,"n.  顶,尖端,梢,末端,倾斜,垃圾场,小费,秘密消息vt.  装顶端,使倾斜,使翻倒,给,泄露,告诫,轻击vi.  倾斜,翻倒,给小费,踮脚走,倾覆n.  提示,技巧"
vague,"a.  含糊的,不清楚的,茫然的"
abort,n.  中止计划(任务)，夭折
avenue,n.  途径; 大街
caterpillar,n.  毛虫，蝴蝶的幼虫
conflict,n.  冲突，不一致，争论;  v.  冲突，不一致，争论
deficiency,n.  不足，缺乏
emotion,n.  感情; 情绪
foliage,n.  树叶; 植物
heed,n.  注意; 留心
inner,n. a.  内部(的); 内心(的)
limb,n.  肢
meteorite,n.  流星，陨石
oak,n.  橡树，橡木
pigment,n.  颜料; 色素
pulp,n.  纸浆
restore,vt.  恢复，修复
shrimp,n.  小虾
stark,a.  赤裸的; 十足的
terminal,a.  末端的; n.  终点站
viral,a.  病毒(性)的
